threads,repeat,histogram,bin,bin_label,content,exact_error,approx_error,rowwise_error,error_difference,relative_difference_pct,rowwise_relative_difference_pct
1,1,nMuon,0,underflow,0.0,0.0,0.0,0.0,0.0,,
1,1,nMuon,1,0.0,10149.666666666548,99.12562175789297,99.12562175789297,33.58185135963418,0.0,0.0,-66.12192613363337
1,1,nMuon,2,1.0,27232.333333335817,158.30323300631056,158.30323300631056,55.0074069086762,0.0,0.0,-65.25187397374039
1,1,nMuon,3,2.0,36635.555555559105,177.91224081582084,177.91224081582084,63.801389357622405,0.0,0.0,-64.13884223757758
1,1,nMuon,4,3.0,4460.555555556856,35.62787783481111,35.62787783481111,22.262463564279955,0.0,0.0,-37.51392191390121
1,1,nMuon,5,4.0,362.77777777776504,7.909207011803251,7.909207011803251,6.3489087231829755,0.0,0.0,-19.72761980172949
1,1,nMuon,6,overflow,24.11111111111105,1.959465787616491,1.959465787616491,1.6367688736284736,0.0,0.0,-16.46861690708815
1,1,nGenJet,0,underflow,0.0,0.0,0.0,0.0,0.0,,
1,1,nGenJet,1,0.0,407.0,20.174241001832016,20.174241001832016,6.72474700061077,0.0,0.0,-66.66666666666619
1,1,nGenJet,2,1.0,669.0,25.865034312755125,25.865034312755125,8.621678104251812,0.0,0.0,-66.66666666666626
1,1,nGenJet,3,2.0,21490.0,146.59467930317254,146.59467930317254,48.86489310101126,0.0,0.0,-66.66666666669822
1,1,nGenJet,4,3.0,18480.0,135.94116374373144,135.94116374373144,45.313721247823686,0.0,0.0,-66.6666666667305
1,1,nGenJet,5,4.0,14582.0,120.75595223424807,120.75595223424807,40.251984078029025,0.0,0.0,-66.66666666671111
1,1,nGenJet,6,overflow,23237.0,152.43687217992897,152.43687217992897,50.81229072661762,0.0,0.0,-66.66666666668331
1,1,selected_nMuon,0,underflow,0.0,0.0,0.0,0.0,0.0,,
1,1,selected_nMuon,1,0.0,1697.5555555554693,30.68477726097405,30.68477726097405,13.733800783128036,0.0,0.0,-55.24229924720636
1,1,selected_nMuon,2,1.0,10569.111111112772,83.37969080961048,83.37969080961048,34.2687274203723,0.0,0.0,-58.90039038568558
1,1,selected_nMuon,3,2.0,34096.11111111553,171.97369164290888,171.97369164290888,61.55044102305807,0.0,0.0,-64.2093854966705
1,1,selected_nMuon,4,3.0,4233.111111112219,34.529286192133064,34.529286192133064,21.687454415228192,0.0,0.0,-37.19113017699935
1,1,selected_nMuon,5,4.0,352.55555555554423,7.781745019952628,7.781745019952628,6.2588209357811815,0.0,0.0,-19.57047012291746
1,1,selected_nMuon,6,overflow,23.444444444444386,1.9404721329525556,1.9404721329525556,1.6139821162593306,0.0,0.0,-16.825287575578272
1,2,nMuon,0,underflow,0.0,0.0,0.0,0.0,0.0,,
1,2,nMuon,1,0.0,10149.666666666548,99.12562175789297,99.12562175789297,33.58185135963418,0.0,0.0,-66.12192613363337
1,2,nMuon,2,1.0,27232.333333335817,158.30323300631056,158.30323300631056,55.0074069086762,0.0,0.0,-65.25187397374039
1,2,nMuon,3,2.0,36635.555555559105,177.91224081582084,177.91224081582084,63.801389357622405,0.0,0.0,-64.13884223757758
1,2,nMuon,4,3.0,4460.555555556856,35.62787783481111,35.62787783481111,22.262463564279955,0.0,0.0,-37.51392191390121
1,2,nMuon,5,4.0,362.77777777776504,7.909207011803251,7.909207011803251,6.3489087231829755,0.0,0.0,-19.72761980172949
1,2,nMuon,6,overflow,24.11111111111105,1.959465787616491,1.959465787616491,1.6367688736284736,0.0,0.0,-16.46861690708815
1,2,nGenJet,0,underflow,0.0,0.0,0.0,0.0,0.0,,
1,2,nGenJet,1,0.0,407.0,20.174241001832016,20.174241001832016,6.72474700061077,0.0,0.0,-66.66666666666619
1,2,nGenJet,2,1.0,669.0,25.865034312755125,25.865034312755125,8.621678104251812,0.0,0.0,-66.66666666666626
1,2,nGenJet,3,2.0,21490.0,146.59467930317254,146.59467930317254,48.86489310101126,0.0,0.0,-66.66666666669822
1,2,nGenJet,4,3.0,18480.0,135.94116374373144,135.94116374373144,45.313721247823686,0.0,0.0,-66.6666666667305
1,2,nGenJet,5,4.0,14582.0,120.75595223424807,120.75595223424807,40.251984078029025,0.0,0.0,-66.66666666671111
1,2,nGenJet,6,overflow,23237.0,152.43687217992897,152.43687217992897,50.81229072661762,0.0,0.0,-66.66666666668331
1,2,selected_nMuon,0,underflow,0.0,0.0,0.0,0.0,0.0,,
1,2,selected_nMuon,1,0.0,1697.5555555554693,30.68477726097405,30.68477726097405,13.733800783128036,0.0,0.0,-55.24229924720636
1,2,selected_nMuon,2,1.0,10569.111111112772,83.37969080961048,83.37969080961048,34.2687274203723,0.0,0.0,-58.90039038568558
1,2,selected_nMuon,3,2.0,34096.11111111553,171.97369164290888,171.97369164290888,61.55044102305807,0.0,0.0,-64.2093854966705
1,2,selected_nMuon,4,3.0,4233.111111112219,34.529286192133064,34.529286192133064,21.687454415228192,0.0,0.0,-37.19113017699935
1,2,selected_nMuon,5,4.0,352.55555555554423,7.781745019952628,7.781745019952628,6.2588209357811815,0.0,0.0,-19.57047012291746
1,2,selected_nMuon,6,overflow,23.444444444444386,1.9404721329525556,1.9404721329525556,1.6139821162593306,0.0,0.0,-16.825287575578272
2,1,nMuon,0,underflow,0.0,0.0,0.0,0.0,0.0,,
2,1,nMuon,1,0.0,10149.666666666595,99.12562175789336,99.12562175789336,33.58185135964662,0.0,0.0,-66.12192613362095
2,1,nMuon,2,1.0,27232.33333333134,158.30323300630164,158.30323300630167,55.00740690859713,2.842170943040401e-14,2.220446049250313e-14,-65.25187397378838
2,1,nMuon,3,2.0,36635.55555555428,177.91224081580185,177.91140811033893,63.801389357418344,-0.000832705462926242,-0.000468042816559322,-64.13884223768844
2,1,nMuon,4,3.0,4460.555555555215,35.627877834813944,35.627531315745166,22.26246356427728,-0.00034651906877769534,-0.0009726065368975689,-37.513921913913684
2,1,nMuon,5,4.0,362.77777777778493,7.909207011803036,7.909207011803036,6.3489087231828325,0.0,0.0,-19.727619801729123
2,1,nMuon,6,overflow,24.111111111111065,1.9594657876164907,1.9594657876164907,1.636768873628473,0.0,0.0,-16.468616907088172
2,1,nGenJet,0,underflow,0.0,0.0,0.0,0.0,0.0,,
2,1,nGenJet,1,0.0,407.0,20.174241001832016,20.174241001832016,6.724747000610529,0.0,0.0,-66.66666666666737
2,1,nGenJet,2,1.0,669.0,25.865034312755125,25.865034312755125,8.621678104251655,0.0,0.0,-66.66666666666687
2,1,nGenJet,3,2.0,21490.0,146.59467930317254,146.59467930317254,48.8648931010425,0.0,0.0,-66.66666666667692
2,1,nGenJet,4,3.0,18480.0,135.94116374373144,135.94116374373144,45.31372124792008,0.0,0.0,-66.66666666665961
2,1,nGenJet,5,4.0,14582.0,120.75595223424807,120.75595223424807,40.251984078095745,0.0,0.0,-66.66666666665586
2,1,nGenJet,6,overflow,23237.0,152.43687217992897,152.43525239536788,50.81229072661249,-0.001619784561086135,-0.001062593674305834,-66.66666666668668
2,1,selected_nMuon,0,underflow,0.0,0.0,0.0,0.0,0.0,,
2,1,selected_nMuon,1,0.0,1697.555555555505,30.684777260973696,30.6847772609737,13.733800783126522,3.552713678800501e-15,2.220446049250313e-14,-55.24229924721077
2,1,selected_nMuon,2,1.0,10569.111111111903,83.37969080961375,83.37969080961375,34.26872742039077,0.0,0.0,-58.90039038566505
2,1,selected_nMuon,3,2.0,34096.11111110851,171.97369164289458,171.97283018252938,61.550441022873315,-0.0008614603652006281,-0.0005009256689003649,-64.20938549677497
2,1,selected_nMuon,4,3.0,4233.111111110679,34.52928619213459,34.52892864802371,21.687454415225446,-0.00035754411088362303,-0.0010354807478352157,-37.19113017701009
2,1,selected_nMuon,5,4.0,352.5555555555625,7.781745019952413,7.781745019952413,6.258820935781063,0.0,0.0,-19.57047012291676
2,1,selected_nMuon,6,overflow,23.4444444444444,1.9404721329525554,1.9404721329525554,1.61398211625933,0.0,0.0,-16.825287575578297
2,2,nMuon,0,underflow,0.0,0.0,0.0,0.0,0.0,,
2,2,nMuon,1,0.0,10149.666666666588,99.12562175789327,99.12313081076702,33.58185135964662,-0.0024909471262475336,-0.0025129195480144695,-66.12192613362092
2,2,nMuon,2,1.0,27232.33333333133,158.30323300630164,158.30323300630167,55.00740690859713,2.842170943040401e-14,2.220446049250313e-14,-65.25187397378838
2,2,nMuon,3,2.0,36635.55555555498,177.91224081580432,177.91008965205424,63.80138935746327,-0.002151163750085061,-0.0012091150896731406,-64.1388422376637
2,2,nMuon,4,3.0,4460.555555555458,35.62787783481403,35.62753131574525,22.26246356427728,-0.00034651906877769534,-0.0009726065368975689,-37.51392191391384
2,2,nMuon,5,4.0,362.77777777778493,7.909207011803075,7.909207011803075,6.3489087231828325,0.0,0.0,-19.727619801729514
2,2,nMuon,6,overflow,24.111111111111065,1.9594657876164907,1.9594657876164907,1.636768873628473,0.0,0.0,-16.468616907088172
2,2,nGenJet,0,underflow,0.0,0.0,0.0,0.0,0.0,,
2,2,nGenJet,1,0.0,407.0,20.174241001832016,20.174241001832016,6.724747000610529,0.0,0.0,-66.66666666666737
2,2,nGenJet,2,1.0,669.0,25.865034312755125,25.865034312755125,8.621678104251718,0.0,0.0,-66.66666666666663
2,2,nGenJet,3,2.0,21490.0,146.59467930317254,146.59232122446014,48.8648931010357,-0.0023580787124046765,-0.0016085704635515619,-66.66666666668155
2,2,nGenJet,4,3.0,18480.0,135.94116374373144,135.94116374373144,45.31372124790422,0.0,0.0,-66.66666666667128
2,2,nGenJet,5,4.0,14582.0,120.75595223424807,120.75452091324637,40.251984078095745,-0.0014313210017036226,-0.0011853005795758875,-66.66666666665586
2,2,nGenJet,6,overflow,23237.0,152.43687217992897,152.43525239536788,50.812290726611565,-0.001619784561086135,-0.001062593674305834,-66.66666666668728
2,2,selected_nMuon,0,underflow,0.0,0.0,0.0,0.0,0.0,,
2,2,selected_nMuon,1,0.0,1697.5555555555043,30.68477726097375,30.68477726097375,13.733800783126522,0.0,0.0,-55.242299247210845
2,2,selected_nMuon,2,1.0,10569.111111111892,83.37969080961346,83.37969080961346,34.26872742039077,0.0,0.0,-58.900390385664906
2,2,selected_nMuon,3,2.0,34096.11111110994,171.9736916428956,171.9714661947934,61.55044102291028,-0.002225448102194605,-0.0012940631098468103,-64.2093854967537
2,2,selected_nMuon,4,3.0,4233.111111110952,34.52928619213476,34.528928648023886,21.687454415225446,-0.0003575441108765176,-0.0010354807478130112,-37.1911301770104
2,2,selected_nMuon,5,4.0,352.5555555555625,7.781745019952452,7.781745019952452,6.258820935781063,0.0,0.0,-19.57047012291716
2,2,selected_nMuon,6,overflow,23.4444444444444,1.9404721329525554,1.9404721329525554,1.61398211625933,0.0,0.0,-16.825287575578297
4,1,nMuon,0,underflow,0.0,0.0,0.0,0.0,0.0,,
4,1,nMuon,1,0.0,10149.666666666659,99.12562175789297,99.12375355341672,33.581851359643075,-0.0018682044762527994,-0.0018846837408159622,-66.1219261336244
4,1,nMuon,2,1.0,27232.333333332277,158.3032330062983,158.30229715310537,55.00740690867682,-0.0009358531929422043,-0.0005911775616818105,-65.2518739737373
4,1,nMuon,3,2.0,36635.55555555434,177.91224081579412,177.91002025923197,63.80138935754111,-0.0022205565621504775,-0.001248119045638152,-64.1388422376179
4,1,nMuon,4,3.0,4460.555555555185,35.62787783481362,35.62753131574485,22.262463564272483,-0.0003465190687705899,-0.0009726065368753645,-37.51392191392657
4,1,nMuon,5,4.0,362.7777777777829,7.909207011803057,7.909207011803057,6.348908723182922,0.0,0.0,-19.727619801728192
4,1,nMuon,6,overflow,24.111111111111093,1.9594657876164898,1.9594657876164898,1.6367688736284716,0.0,0.0,-16.468616907088208
4,1,nGenJet,0,underflow,0.0,0.0,0.0,0.0,0.0,,
4,1,nGenJet,1,0.0,407.0,20.174241001832016,20.174241001832016,6.7247470006106145,0.0,0.0,-66.66666666666696
4,1,nGenJet,2,1.0,669.0,25.865034312755125,25.865034312755125,8.62167810425155,0.0,0.0,-66.66666666666727
4,1,nGenJet,3,2.0,21490.0,146.59467930317254,146.5918159169439,48.86489310107208,-0.002863386228654008,-0.0019532675007427613,-66.66666666665672
4,1,nGenJet,4,3.0,18480.0,135.94116374373144,135.939529039774,45.31372124792325,-0.0016347039574498012,-0.001202508432640581,-66.66666666665728
4,1,nGenJet,5,4.0,14582.0,120.75595223424807,120.75595223424807,40.25198407809278,0.0,0.0,-66.6666666666583
4,1,nGenJet,6,overflow,23237.0,152.43687217992897,152.43525239536788,50.81229072665852,-0.001619784561086135,-0.001062593674305834,-66.66666666665648
4,1,selected_nMuon,0,underflow,0.0,0.0,0.0,0.0,0.0,,
4,1,selected_nMuon,1,0.0,1697.5555555555386,30.68477726097371,30.68477726097371,13.733800783127162,0.0,0.0,-55.24229924720871
4,1,selected_nMuon,2,1.0,10569.111111111144,83.37969080960733,83.37969080960731,34.268727420387286,-1.4210854715202004e-14,-2.220446049250313e-14,-58.90039038566606
4,1,selected_nMuon,3,2.0,34096.11111110953,171.97369164288617,171.971394405656,61.550441023001575,-0.0022972372301524047,-0.0013358073599589737,-64.20938549669863
4,1,selected_nMuon,4,3.0,4233.111111110776,34.52928619213453,34.528928648023644,21.687454415221058,-0.00035754411088362303,-0.0010354807478352157,-37.19113017702268
4,1,selected_nMuon,5,4.0,352.5555555555603,7.781745019952446,7.781745019952445,6.258820935781154,-8.881784197001252e-16,-1.1102230246251565e-14,-19.57047012291593
4,1,selected_nMuon,6,overflow,23.44444444444443,1.9404721329525547,1.9404721329525547,1.6139821162593286,0.0,0.0,-16.82528757557833
4,2,nMuon,0,underflow,0.0,0.0,0.0,0.0,0.0,,
4,2,nMuon,1,0.0,10149.666666666659,99.12562175789297,99.12375355341672,33.581851359643075,-0.0018682044762527994,-0.0018846837408159622,-66.1219261336244
4,2,nMuon,2,1.0,27232.333333332273,158.3032330062983,158.3015172712183,55.00740690867682,-0.001715735080011882,-0.001083828199477388,-65.2518739737373
4,2,nMuon,3,2.0,36635.55555555434,177.91224081579415,177.90960390179103,63.80138935754096,-0.002636914003119273,-0.0014821431010170194,-64.13884223761798
4,2,nMuon,4,3.0,4460.555555555184,35.62787783481362,35.62753131574485,22.262463564272487,-0.0003465190687705899,-0.0009726065368753645,-37.51392191392656
4,2,nMuon,5,4.0,362.7777777777829,7.909207011803056,7.907645932736869,6.348908723182922,-0.0015610790661870766,-0.019737491557081377,-19.72761980172818
4,2,nMuon,6,overflow,24.111111111111093,1.95946578761649,1.95946578761649,1.6367688736284716,0.0,0.0,-16.468616907088208
4,2,nGenJet,0,underflow,0.0,0.0,0.0,0.0,0.0,,
4,2,nGenJet,1,0.0,407.0,20.174241001832016,20.174241001832016,6.7247470006106145,0.0,0.0,-66.66666666666696
4,2,nGenJet,2,1.0,669.0,25.865034312755125,25.865034312755125,8.62167810425155,0.0,0.0,-66.66666666666727
4,2,nGenJet,3,2.0,21490.0,146.59467930317254,146.59063685929883,48.86489310107208,-0.004042443873714774,-0.0027575652083222657,-66.66666666665672
4,2,nGenJet,4,3.0,18480.0,135.94116374373144,135.939529039774,45.31372124792325,-0.0016347039574498012,-0.001202508432640581,-66.66666666665728
4,2,nGenJet,5,4.0,14582.0,120.75595223424807,120.75452091324637,40.25198407809278,-0.0014313210017036226,-0.0011853005795758875,-66.6666666666583
4,2,nGenJet,6,overflow,23237.0,152.43687217992897,152.43525239536788,50.81229072665852,-0.001619784561086135,-0.001062593674305834,-66.66666666665648
4,2,selected_nMuon,0,underflow,0.0,0.0,0.0,0.0,0.0,,
4,2,selected_nMuon,1,0.0,1697.5555555555386,30.68477726097371,30.68477726097371,13.733800783127164,0.0,0.0,-55.242299247208706
4,2,selected_nMuon,2,1.0,10569.111111111144,83.37969080960733,83.37850627494784,34.268727420387286,-0.0011845346594867578,-0.0014206512976788765,-58.90039038566606
4,2,selected_nMuon,3,2.0,34096.11111110953,171.97369164288617,171.971394405656,61.550441023001575,-0.0022972372301524047,-0.0013358073599589737,-64.20938549669863
4,2,selected_nMuon,4,3.0,4233.111111110775,34.52928619213452,34.528928648023644,21.687454415221058,-0.0003575441108765176,-0.0010354807478130112,-37.19113017702267
4,2,selected_nMuon,5,4.0,352.5555555555603,7.781745019952446,7.781745019952446,6.258820935781154,0.0,0.0,-19.57047012291593
4,2,selected_nMuon,6,overflow,23.44444444444443,1.9404721329525547,1.9404721329525547,1.6139821162593286,0.0,0.0,-16.82528757557833
8,1,nMuon,0,underflow,0.0,0.0,0.0,0.0,0.0,,
8,1,nMuon,1,0.0,10149.66666666668,99.12562175789287,99.12375355341662,33.581851359635984,-0.0018682044762527994,-0.0018846837408159622,-66.1219261336315
8,1,nMuon,2,1.0,27232.33333333305,158.303233006301,158.2927823315767,55.00740690867249,-0.010450674724324927,-0.0066016811696489874,-65.25187397374064
8,1,nMuon,3,2.0,36635.555555555125,177.91224081580233,177.90648118993298,63.8013893575438,-0.005759625869359297,-0.0032373409738162273,-64.13884223761804
8,1,nMuon,4,3.0,4460.555555555399,35.62787783481295,35.62718479330507,22.2624635642746,-0.0006930415078798546,-0.001945222533583646,-37.513921913919454
8,1,nMuon,5,4.0,362.77777777777914,7.909207011803118,7.909207011803117,6.348908723182969,-8.881784197001252e-16,-1.1102230246251565e-14,-19.727619801728213
8,1,nMuon,6,overflow,24.11111111111111,1.9594657876164892,1.9594657876164892,1.636768873628471,0.0,0.0,-16.468616907088208
8,1,nGenJet,0,underflow,0.0,0.0,0.0,0.0,0.0,,
8,1,nGenJet,1,0.0,407.0,20.174241001832016,20.161998235281793,6.724747000610685,-0.012242766550222939,-0.06068514076496001,-66.6666666666666
8,1,nGenJet,2,1.0,669.0,25.865034312755125,25.865034312755125,8.621678104251684,0.0,0.0,-66.66666666666676
8,1,nGenJet,3,2.0,21490.0,146.59467930317254,146.59131060768578,48.8648931010672,-0.0033686954867562235,-0.002297965726161255,-66.66666666666006
8,1,nGenJet,4,3.0,18480.0,135.94116374373144,135.93862086241464,45.31372124791799,-0.0025428813167991393,-0.0018705749213587808,-66.66666666666114
8,1,nGenJet,5,4.0,14582.0,120.75595223424807,120.74879545957496,40.25198407808687,-0.00715677467310627,-0.005926643399922771,-66.6666666666632
8,1,nGenJet,6,overflow,23237.0,152.43687217992897,152.42585730547373,50.81229072665382,-0.011014874455241852,-0.007225859660930922,-66.66666666665957
8,1,selected_nMuon,0,underflow,0.0,0.0,0.0,0.0,0.0,,
8,1,selected_nMuon,1,0.0,1697.5555555555668,30.684777260973412,30.68477726097341,13.733800783126613,-3.552713678800501e-15,-1.1102230246251565e-14,-55.24229924721007
8,1,selected_nMuon,2,1.0,10569.111111110915,83.37969080961071,83.37080638943586,34.26872742038034,-0.00888442017485147,-0.010655376733337274,-58.90039038567606
8,1,selected_nMuon,3,2.0,34096.11111111059,171.97369164289324,171.96816386388795,61.5504410229977,-0.005527779005291222,-0.0032143166506903853,-64.20938549670237
8,1,selected_nMuon,4,3.0,4233.111111110981,34.529286192133604,34.52857110020948,21.687454415223105,-0.000715091924121225,-0.0020709722180267676,-37.191130177015076
8,1,selected_nMuon,5,4.0,352.55555555555674,7.7817450199525044,7.781745019952504,6.258820935781195,-8.881784197001252e-16,-1.1102230246251565e-14,-19.570470122916017
8,1,selected_nMuon,6,overflow,23.444444444444446,1.9404721329525538,1.9404721329525538,1.613982116259328,0.0,0.0,-16.82528757557833
8,2,nMuon,0,underflow,0.0,0.0,0.0,0.0,0.0,,
8,2,nMuon,1,0.0,10149.666666666682,99.12562175789289,99.12051524891218,33.581851359635984,-0.005106508980702529,-0.005151553039606238,-66.12192613363152
8,2,nMuon,2,1.0,27232.333333333037,158.303233006301,158.29894363373327,55.00740690867248,-0.004289372567740202,-0.0027095925245967933,-65.25187397374064
8,2,nMuon,3,2.0,36635.55555555515,177.91224081580236,177.90259507195114,63.801389357543805,-0.009645743851223187,-0.005421630241397857,-64.13884223761804
8,2,nMuon,4,3.0,4460.555555555399,35.627877834812935,35.62649173831543,22.262463564274622,-0.001386096497505207,-0.0038904829075980807,-37.513921913919376
8,2,nMuon,5,4.0,362.7777777777792,7.909207011803121,7.907645932736933,6.348908723182969,-0.0015610790661879648,-0.01973749155709248,-19.727619801728245
8,2,nMuon,6,overflow,24.111111111111118,1.959465787616489,1.959465787616489,1.6367688736284707,0.0,0.0,-16.468616907088208
8,2,nGenJet,0,underflow,0.0,0.0,0.0,0.0,0.0,,
8,2,nGenJet,1,0.0,407.0,20.174241001832016,20.174241001832016,6.724747000610685,0.0,0.0,-66.6666666666666
8,2,nGenJet,2,1.0,669.0,25.865034312755125,25.865034312755125,8.621678104251682,0.0,0.0,-66.66666666666676
8,2,nGenJet,3,2.0,21490.0,146.59467930317254,146.5884471556547,48.8648931010672,-0.006232147517835074,-0.004251278114231205,-66.66666666666006
8,2,nGenJet,4,3.0,18480.0,135.94116374373144,135.93462480995126,45.31372124791799,-0.006538933780177558,-0.004810120496323567,-66.66666666666114
8,2,nGenJet,5,4.0,14582.0,120.75595223424807,120.74879545957496,40.25198407808686,-0.00715677467310627,-0.005926643399922771,-66.6666666666632
8,2,nGenJet,6,overflow,23237.0,152.43687217992897,152.4292590428284,50.81229072665382,-0.007613137100577205,-0.004994288449833295,-66.66666666665957
8,2,selected_nMuon,0,underflow,0.0,0.0,0.0,0.0,0.0,,
8,2,selected_nMuon,1,0.0,1697.555555555566,30.684777260973405,30.681960759530632,13.733800783126611,-0.0028165014427727897,-0.00917882316309182,-55.242299247210056
8,2,selected_nMuon,2,1.0,10569.111111110904,83.37969080961071,83.37672944140822,34.26872742038034,-0.002961368202491599,-0.0035516660876755424,-58.90039038567606
8,2,selected_nMuon,3,2.0,34096.111111110615,171.97369164289333,171.96658446582146,61.5504410229977,-0.007107177071873139,-0.004132711814219814,-64.20938549670238
8,2,selected_nMuon,4,3.0,4233.111111110981,34.52928619213361,34.527855993475356,21.687454415223105,-0.0014301986582552217,-0.004141987327210828,-37.19113017701508
8,2,selected_nMuon,5,4.0,352.5555555555567,7.781745019952507,7.781745019952507,6.258820935781196,0.0,0.0,-19.570470122916028
8,2,selected_nMuon,6,overflow,23.444444444444454,1.9404721329525536,1.9404721329525536,1.6139821162593277,0.0,0.0,-16.82528757557833
16,1,nMuon,0,underflow,0.0,0.0,0.0,0.0,0.0,,
16,1,nMuon,1,0.0,10149.666666666677,99.1256217578931,99.11266814920442,33.581851359637426,-0.0129536086886759,-0.013067871312133494,-66.12192613363013
16,1,nMuon,2,1.0,27232.33333333359,158.3032330062986,158.29208039585848,55.00740690866382,-0.011152610440120725,-0.007045093286051074,-65.25187397374559
16,1,nMuon,3,2.0,36635.55555555572,177.9122408157957,177.89051980652576,63.80138935753634,-0.02172100926995313,-0.012208833507099115,-64.13884223762089
16,1,nMuon,4,3.0,4460.555555555592,35.62787783481268,35.626145205764466,22.26246356427328,-0.0017326290482131412,-0.0048631272854593455,-37.5139219139227
16,1,nMuon,5,4.0,362.7777777777769,7.909207011803123,7.907645932736934,6.348908723182968,-0.001561079066188853,-0.01973749155710358,-19.72761980172828
16,1,nMuon,6,overflow,24.111111111111114,1.9594657876164885,1.9594657876164885,1.6367688736284707,0.0,0.0,-16.468616907088197
16,1,nGenJet,0,underflow,0.0,0.0,0.0,0.0,0.0,,
16,1,nGenJet,1,0.0,407.0,20.174241001832016,20.161998235281793,6.724747000610684,-0.012242766550222939,-0.06068514076496001,-66.6666666666666
16,1,nGenJet,2,1.0,669.0,25.865034312755125,25.865034312755125,8.621678104251725,0.0,0.0,-66.6666666666666
16,1,nGenJet,3,2.0,21490.0,146.59467930317254,146.58137250494042,48.864893101057554,-0.013306798232122219,-0.009077272309865325,-66.66666666666664
16,1,nGenJet,4,3.0,18480.0,135.94116374373144,135.92735895904195,45.31372124790855,-0.01380478468948354,-0.010154970216014192,-66.66666666666808
16,1,nGenJet,5,4.0,14582.0,120.75595223424807,120.74306973441121,40.25198407808114,-0.012882499836862848,-0.010668211047581977,-66.66666666666794
16,1,nGenJet,6,overflow,23237.0,152.43687217992897,152.41775762523923,50.81229072664444,-0.019114554689735996,-0.012539324912919092,-66.66666666666572
16,1,selected_nMuon,0,underflow,0.0,0.0,0.0,0.0,0.0,,
16,1,selected_nMuon,1,0.0,1697.555555555562,30.684777260973505,30.68196075953073,13.733800783126778,-0.0028165014427727897,-0.00917882316309182,-55.24229924720966
16,1,selected_nMuon,2,1.0,10569.111111111019,83.37969080961027,83.36843705081877,34.26872742038106,-0.011253758791497148,-0.013497002306228634,-58.900390385674974
16,1,selected_nMuon,3,2.0,34096.11111111141,171.97369164288753,171.95488211004792,61.55044102298996,-0.01880953283961162,-0.010937447850267734,-64.20938549670568
16,1,selected_nMuon,4,3.0,4233.111111111162,34.52928619213357,34.527498434554225,21.687454415221794,-0.001787757579343463,-0.00517751096676955,-37.191130177018806
16,1,selected_nMuon,5,4.0,352.5555555555547,7.781745019952509,7.781745019952509,6.258820935781194,0.0,0.0,-19.570470122916074
16,1,selected_nMuon,6,overflow,23.44444444444445,1.9404721329525534,1.9404721329525534,1.6139821162593277,0.0,0.0,-16.82528757557832
16,2,nMuon,0,underflow,0.0,0.0,0.0,0.0,0.0,,
16,2,nMuon,1,0.0,10149.666666666677,99.12562175789311,99.1151593592767,33.5818513596374,-0.010462398616411406,-0.01055468649867608,-66.12192613363017
16,2,nMuon,2,1.0,27232.33333333358,158.30323300629863,158.29340627181963,55.007406908663825,-0.009826734478991739,-0.006207538716918037,-65.25187397374559
16,2,nMuon,3,2.0,36635.555555555744,177.91224081579574,177.8968351337825,63.80138935753632,-0.01540568201323822,-0.008659146747069801,-64.1388422376209
16,2,nMuon,4,3.0,4460.555555555594,35.6278778348127,35.62614520576449,22.262463564273276,-0.0017326290482131412,-0.0048631272854593455,-37.513921913922744
16,2,nMuon,5,4.0,362.77777777777686,7.909207011803122,7.909207011803122,6.348908723182968,0.0,0.0,-19.72761980172828
16,2,nMuon,6,overflow,24.111111111111118,1.9594657876164885,1.9594657876164885,1.6367688736284707,0.0,0.0,-16.468616907088197
16,2,nGenJet,0,underflow,0.0,0.0,0.0,0.0,0.0,,
16,2,nGenJet,1,0.0,407.0,20.174241001832016,20.161998235281793,6.724747000610684,-0.012242766550222939,-0.06068514076496001,-66.6666666666666
16,2,nGenJet,2,1.0,669.0,25.865034312755125,25.865034312755125,8.621678104251723,0.0,0.0,-66.6666666666666
16,2,nGenJet,3,2.0,21490.0,146.59467930317254,146.58861559555783,48.86489310105759,-0.006063707614714531,-0.004136376329300084,-66.6666666666666
16,2,nGenJet,4,3.0,18480.0,135.94116374373144,135.92990205103857,45.313721247908404,-0.011261692692869474,-0.008284240315981073,-66.66666666666819
16,2,nGenJet,5,4.0,14582.0,120.75595223424807,120.74388771177235,40.25198407808114,-0.012064522475725425,-0.009990830474615464,-66.66666666666794
16,2,nGenJet,6,overflow,23237.0,152.43687217992897,152.42148353160493,50.81229072664445,-0.015388648324034193,-0.01009509582817758,-66.6666666666657
16,2,selected_nMuon,0,underflow,0.0,0.0,0.0,0.0,0.0,,
16,2,selected_nMuon,1,0.0,1697.5555555555618,30.6847772609735,30.681960759530725,13.733800783126778,-0.0028165014427763424,-0.009178823163102923,-55.242299247209644
16,2,selected_nMuon,2,1.0,10569.11111111102,83.3796908096103,83.37080638943543,34.268727420381055,-0.008884420174865681,-0.010655376733348376,-58.900390385674996
16,2,selected_nMuon,3,2.0,34096.11111111144,171.9736916428875,171.95897443543873,61.550441022989965,-0.014717207448768477,-0.008557824925525814,-64.20938549670568
16,2,selected_nMuon,4,3.0,4233.111111111163,34.52928619213358,34.52749843455423,21.687454415221794,-0.0017877575793505684,-0.005177510966780652,-37.19113017701883
16,2,selected_nMuon,5,4.0,352.55555555555463,7.78174501995251,7.78174501995251,6.258820935781194,0.0,0.0,-19.570470122916085
16,2,selected_nMuon,6,overflow,23.44444444444445,1.9404721329525532,1.9404721329525532,1.6139821162593277,0.0,0.0,-16.82528757557832
32,1,nMuon,0,underflow,0.0,0.0,0.0,0.0,0.0,,
32,1,nMuon,1,0.0,10149.666666666664,99.12562175789314,99.11104882907861,33.5818513596366,-0.014572928814530428,-0.014701475315959112,-66.12192613363096
32,1,nMuon,2,1.0,27232.33333333347,158.30323300629993,158.28381291875277,55.0074069086577,-0.019420087547160847,-0.012267650621122783,-65.25187397374974
32,1,nMuon,3,2.0,36635.55555555575,177.91224081579819,177.89051980652826,63.80138935752514,-0.021721009269924707,-0.012208833507088013,-64.13884223762768
32,1,nMuon,4,3.0,4460.555555555608,35.62787783481278,35.62614520576456,22.26246356427343,-0.0017326290482202467,-0.004863127285470448,-37.51392191392245
32,1,nMuon,5,4.0,362.77777777777715,7.909207011803121,7.907645932736933,6.348908723182966,-0.0015610790661879648,-0.01973749155709248,-19.72761980172829
32,1,nMuon,6,overflow,24.111111111111114,1.9594657876164885,1.9594657876164885,1.6367688736284705,0.0,0.0,-16.468616907088208
32,1,nGenJet,0,underflow,0.0,0.0,0.0,0.0,0.0,,
32,1,nGenJet,1,0.0,407.0,20.174241001832016,20.161998235281793,6.724747000610681,-0.012242766550222939,-0.06068514076496001,-66.66666666666661
32,1,nGenJet,2,1.0,669.0,25.865034312755125,25.865034312755125,8.621678104251725,0.0,0.0,-66.6666666666666
32,1,nGenJet,3,2.0,21490.0,146.59467930317254,146.5791826628988,48.864893101057916,-0.015496640273738649,-0.010571079624033253,-66.66666666666639
32,1,nGenJet,4,3.0,18480.0,135.94116374373144,135.92445250992722,45.31372124791113,-0.016711233804215908,-0.012292990102480417,-66.66666666666619
32,1,nGenJet,5,4.0,14582.0,120.75595223424807,120.73979776955112,40.25198407808359,-0.01615446469695314,-0.013377779229972742,-66.66666666666592
32,1,nGenJet,6,overflow,23237.0,152.43687217992897,152.41451763262313,50.81229072664284,-0.02235454730583797,-0.014664790077467682,-66.66666666666676
32,1,selected_nMuon,0,underflow,0.0,0.0,0.0,0.0,0.0,,
32,1,selected_nMuon,1,0.0,1697.5555555555575,30.68477726097347,30.682363132708765,13.733800783126936,-0.0024141282647036633,-0.007867511125048132,-55.24229924720909
32,1,selected_nMuon,2,1.0,10569.11111111111,83.3796908096103,83.36666000266555,34.26872742038045,-0.013030806944740903,-0.015628274485324223,-58.90039038567571
32,1,selected_nMuon,3,2.0,34096.11111111137,171.97369164289003,171.9537333696275,61.55044102297975,-0.019958273262517423,-0.011605422359584061,-64.20938549671213
32,1,selected_nMuon,4,3.0,4233.111111111163,34.5292861921336,34.527498434554246,21.687454415222,-0.0017877575793505684,-0.005177510966780652,-37.19113017701826
32,1,selected_nMuon,5,4.0,352.5555555555549,7.781745019952508,7.781745019952507,6.25882093578119,-8.881784197001252e-16,-1.1102230246251565e-14,-19.570470122916106
32,1,selected_nMuon,6,overflow,23.44444444444445,1.9404721329525532,1.9404721329525532,1.6139821162593277,0.0,0.0,-16.82528757557832
32,2,nMuon,0,underflow,0.0,0.0,0.0,0.0,0.0,,
32,2,nMuon,1,0.0,10149.666666666668,99.12562175789313,99.11291727302944,33.58185135963656,-0.012704484863689913,-0.0128165499881705,-66.12192613363102
32,2,nMuon,2,1.0,27232.333333333474,158.30323300629988,158.28849267581077,55.00740690865802,-0.01474033048910428,-0.009311452589544356,-65.25187397374953
32,2,nMuon,3,2.0,36635.55555555576,177.91224081579813,177.88885418835048,63.80138935752525,-0.023386627447649744,-0.013145035631279,-64.1388422376276
32,2,nMuon,4,3.0,4460.555555555608,35.627877834812764,35.62614520576456,22.262463564273435,-0.0017326290482060358,-0.004863127285437141,-37.51392191392241
32,2,nMuon,5,4.0,362.7777777777771,7.9092070118031215,7.9076459327369335,6.348908723182965,-0.0015610790661879648,-0.01973749155709248,-19.727619801728313
32,2,nMuon,6,overflow,24.111111111111114,1.9594657876164885,1.9594657876164885,1.6367688736284707,0.0,0.0,-16.468616907088197
32,2,nGenJet,0,underflow,0.0,0.0,0.0,0.0,0.0,,
32,2,nGenJet,1,0.0,407.0,20.174241001832016,20.174241001832016,6.724747000610681,0.0,0.0,-66.66666666666661
32,2,nGenJet,2,1.0,669.0,25.865034312755125,25.865034312755125,8.621678104251723,0.0,0.0,-66.6666666666666
32,2,nGenJet,3,2.0,21490.0,146.59467930317254,146.58103560829417,48.8648931010578,-0.013643694878368251,-0.009307087367171896,-66.66666666666647
32,2,nGenJet,4,3.0,18480.0,135.94116374373144,135.92554243562816,45.31372124791109,-0.015621308103277443,-0.011491227287652173,-66.66666666666622
32,2,nGenJet,5,4.0,14582.0,120.75595223424807,120.74306973441121,40.25198407808348,-0.012882499836862848,-0.010668211047581977,-66.666666666666
32,2,nGenJet,6,overflow,23237.0,152.43687217992897,152.41111556624784,50.81229072664286,-0.025756613681124918,-0.01689657712913295,-66.66666666666676
32,2,selected_nMuon,0,underflow,0.0,0.0,0.0,0.0,0.0,,
32,2,selected_nMuon,1,0.0,1697.5555555555577,30.684777260973465,30.681960759530693,13.733800783126933,-0.0028165014427727897,-0.00917882316309182,-55.24229924720909
32,2,selected_nMuon,2,1.0,10569.11111111111,83.3796908096103,83.36695617998829,34.26872742038046,-0.012734629622002558,-0.015273059300591196,-58.90039038567571
32,2,selected_nMuon,3,2.0,34096.11111111138,171.97369164288997,171.95272821546214,61.55044102297993,-0.020963427427830084,-0.012189903715831285,-64.20938549671203
32,2,selected_nMuon,4,3.0,4233.111111111163,34.52928619213359,34.52749843455424,21.687454415222,-0.0017877575793505684,-0.005177510966780652,-37.19113017701825
32,2,selected_nMuon,5,4.0,352.5555555555549,7.781745019952508,7.781745019952507,6.258820935781191,-8.881784197001252e-16,-1.1102230246251565e-14,-19.570470122916095
32,2,selected_nMuon,6,overflow,23.444444444444446,1.9404721329525532,1.9404721329525532,1.6139821162593277,0.0,0.0,-16.82528757557832
