timestamp_utc,root_version,implementation,events,factor,bins,slots,range_rows,occupancy,fill_seconds,finalize_seconds,rss_before_kib,rss_slots_kib,rss_filled_kib,peak_rss_kib,peak_rss_growth_kib
2026-09-28T06:36:53+00:00,6.36.02,dense,1000,9,100,8,7,1,0.0171534,0.0102924,243836,243836,249980,252028,8192
2026-09-28T06:36:53+00:00,6.36.02,dense,1000,9,10000,1,7,1,0.27234,0.271146,243836,245884,401532,559228,315392
2026-09-28T06:36:53+00:00,6.36.02,dense,1000,9,10000,8,7,1,0.449052,0.269403,241664,243712,579584,622592,380928
2026-09-28T06:36:53+00:00,6.36.02,dense,1000,9,10000,8,7,20,0.458156,0.269452,243836,247932,583804,626812,382976
2026-09-28T06:36:53+00:00,6.36.02,dense,1000,9,10000,8,257,1,0.0532571,0.0132933,243836,247932,256124,260220,16384
2026-09-28T06:36:53+00:00,6.36.02,dense,100,1000,10000,8,257,1,0.103968,0.0476956,243712,245760,321536,331776,88064
2026-09-28T06:36:53+00:00,6.36.02,dense,100,1000,10000,32,257,1,0.104009,0.0499406,243836,254076,325756,333948,90112
2026-09-28T06:36:53+00:00,6.36.02,dense,200,9,1000,8,7,1000,0.0308099,0.0102555,241788,241788,249980,249980,8192
2026-09-28T06:36:53+00:00,6.36.02,sparse,1000,9,100,8,7,1,0.00156223,0.000192746,245880,245880,245880,245880,0
2026-09-28T06:36:53+00:00,6.36.02,sparse,1000,9,10000,1,7,1,0.0807107,0.000203686,237568,237568,237568,237568,0
2026-09-28T06:36:53+00:00,6.36.02,sparse,1000,9,10000,8,7,1,0.0807384,0.00119673,245760,247808,247808,247808,2048
2026-09-28T06:36:53+00:00,6.36.02,sparse,1000,9,10000,8,7,20,0.086784,0.00179726,243832,245880,247928,247928,4096
2026-09-28T06:36:53+00:00,6.36.02,sparse,1000,9,10000,8,257,1,0.0469214,0.000810734,245880,249976,249976,249976,4096
2026-09-28T06:36:53+00:00,6.36.02,sparse,100,1000,10000,8,257,1,0.0204751,0.00104701,245880,249976,249976,249976,4096
2026-09-28T06:36:53+00:00,6.36.02,sparse,100,1000,10000,32,257,1,0.0195987,0.0041346,245880,256120,256120,256120,10240
2026-09-28T06:36:53+00:00,6.36.02,sparse,200,9,1000,8,7,1000,0.0245719,0.00495863,245880,245880,254072,254072,8192
